Producto,Producción/Valor,1990,1991,1992,1993,1994,1995,1996,1997,1998,1999,2000,2001,2002,2003,2004,2005,2006,2007,2008,2009,2010
AGUACATE, Producción (toneladas),..,"52.144,0","53.197,0","51.745,0","34.101,0","27.955,0","52.085,0","52.409,0","53.724,0","66.099,0","63.843,0","74.981,0","74.204,0","76.609,0","76.297,0","74.994,0","79.824,0","82.116,0","73.585,0","71.931,0","75.655,0"
TRIGO, Valor (1),"737.905,0","909.607,0","702.392,0","805.789,0","677.980,0","533.096,0","935.558,0","721.786,0","776.306,0","728.144,0","942.900,0","745.145,0","914.852,0","830.620,0","1.004.186,0","562.126,0","769.156,0","1.353.566,0","1.495.406,8","770.205,0","1.034.362,0"
CHIRIMOYO, Producción (toneladas),"23.361,0","27.447,0","22.346,0","31.239,0","25.758,0","22.023,0","28.736,0","32.005,0","36.501,0","34.864,0","31.208,0","32.035,0","27.828,0","25.853,0","22.710,0","22.451,0","29.025,0","29.671,0","51.356,0","38.775,0","50.241,0"
CEBADA, Valor (1),"1.267.042,0","1.265.275,0","819.328,0","1.286.164,0","982.280,0","751.594,0","1.400.242,0","1.140.241,0","1.288.032,0","901.663,0","1.279.267,0","790.516,0","988.427,0","1.056.299,0","1.340.617,0","614.341,0","1.022.744,0","2.193.161,0","1.912.466,6","909.803,0","1.225.605,0"
NÍSPERO, Producción (toneladas),"35.103,0","29.017,0","36.882,0","32.009,0","38.093,0","36.520,0","41.625,0","42.662,0","45.873,0","44.198,0","47.011,0","44.445,0","45.186,0","43.700,0","38.604,0","18.597,0","36.467,0","33.158,0","34.484,0","33.328,0","31.834,0"
AVENA, Valor (1),"64.078,0","51.667,0","43.582,0","61.147,0","54.578,0","36.076,0","93.345,0","75.432,0","94.371,0","67.600,0","112.917,0","82.950,0","111.144,0","108.295,0","130.372,0","76.708,0","121.359,0","207.233,0","203.323,3","117.248,8","143.145,0"
GRANADO, Producción (toneladas),"19.413,0","23.205,0","18.850,0","23.875,0","23.821,0","20.681,0","25.039,0","27.461,0","30.609,0","34.189,0","33.386,0","33.322,0","37.424,0","35.320,0","29.804,0","28.812,0","27.389,0","25.632,0","23.169,0","22.311,0","26.582,0"
CENTENO, Valor (1),"36.211,0","32.406,0","31.958,0","45.719,0","26.771,0","25.145,0","38.636,0","27.712,0","25.455,0","25.853,0","24.858,0","12.519,0","21.575,0","25.281,0","20.210,0","16.950,0","21.120,0","46.498,0","45.398,9","22.005,1","37.853,0"
KIWI, Producción (toneladas),..,"1.151,0","10.748,0","9.294,0","11.234,0","9.332,0","8.061,0","8.811,0","6.716,0","8.543,0","14.285,0","8.935,0","14.718,0","12.696,0","10.931,0","11.555,0","18.463,0","14.036,0","17.799,0","25.285,0","25.676,0"
TRITICALE, Valor (1),..,..,..,"6.920,0","7.386,0","4.024,0","12.020,0","8.982,0","6.743,0","3.396,0","12.310,0","12.428,0","12.538,0","12.748,0","13.681,0","7.528,0","15.959,0","24.583,0","25.178,3","21.396,9","25.344,0"
AVELLANO, Producción (toneladas),"21.270,0","18.096,0","26.430,0","12.107,0","22.657,0","15.492,0","7.030,0","21.252,0","17.667,0","29.811,0","25.188,0","26.711,0","22.781,0","12.559,0","26.629,0","23.027,0","24.810,0","16.134,0","24.330,0","10.290,0","15.086,0"
ARROZ, Valor (1),"145.878,0","147.875,0","146.000,0","101.842,0","155.631,0","118.345,0","246.334,0","243.328,0","233.334,0","226.397,0","226.961,0","244.432,0","225.285,0","236.675,0","187.193,0","157.735,0","158.053,0","196.338,0","234.702,0","275.314,1","238.727,0"
NOGAL, Producción (toneladas),"8.091,0","8.967,0","9.046,0","8.717,0","8.282,0","8.110,0","10.059,0","9.503,0","7.713,0","9.960,0","11.418,0","11.903,0","13.657,0","9.418,0","8.514,0","8.629,0","10.140,0","9.512,0","11.682,0","13.299,0","13.378,0"
MAÍZ, Valor (1),"500.823,0","532.840,0","424.929,0","279.501,0","373.261,0","431.251,0","582.326,0","625.284,0","599.881,0","525.389,0","572.190,0","679.531,0","606.276,0","644.104,0","708.729,0","537.485,0","509.734,0","738.437,0","676.616,1","506.952,0","607.777,0"
CEBADA,Producción,"9.382,2","9.270,1","6.105,0","9.700,8","7.415,5","5.046,6","10.697,0","8.549,8","10.895,3","7.459,5","11.063,0","6.249,1","8.362,3","8.693,8","10.639,8","4.626,1","8.136,4","11.945,3","11.269,7","7.295,9","8.154,4"
SORGO, Valor (1),"13.229,0","15.270,0","6.480,0","3.493,0","12.391,0","4.537,0","6.404,0","6.791,0","7.419,0","4.961,0","5.896,0","4.688,0","3.698,0","3.138,0","3.412,0","2.968,0","3.072,0","5.192,0","3.700,0","4.481,3","6.873,0"
ACEITUNAS,Producción,"3.369,3","2.983,0","3.177,8","2.809,9","2.798,7","1.694,2","4.517,2","5.879,6","4.279,2","3.460,1","5.103,5","6.982,5","4.414,9","7.553,6","5.200,0","4.021,7","5.679,0","6.140,3","5.405,3","6.972,1","7.197,6"
NARANJO,Valor,"377.015,0","427.380,0","380.224,0","279.182,0","455.890,0","578.023,0","564.002,0","590.250,0","425.212,0","514.309,0","391.362,0","555.909,0","591.723,0","582.961,0","582.761,0","527.285,0","569.679,0","458.175,0","760.835,3","476.480,0","723.258,0"
Aceituna de almazara,Producción,"3.153,2","2.725,4","2.945,8","2.605,7","2.608,0","1.516,7","4.328,3","5.592,8","4.020,7","3.072,3","4.729,1","6.496,6","4.057,0","7.055,1","4.744,6","3.646,3","5.283,3","5.701,7","5.008,9","6.482,7","6.682,0"
NARANJO AMARGO,Valor,..,..,..,..,..,..,..,..,..,..,..,..,..,..,..,..,..,..,..,..,..
TRIGO,Producción,"4.773,6","5.467,7","4.357,5","4.973,0","4.302,3","3.138,7","6.040,5","4.676,6","5.436,3","5.281,3","7.293,6","5.007,7","6.822,2","6.019,0","7.096,7","4.026,7","5.521,6","6.436,4","6.831,5","4.804,8","5.941,2"
MANDARINO,Valor,"208.127,0","238.602,0","280.349,0","281.528,0","374.153,0","479.696,0","490.493,0","480.833,0","440.274,0","492.113,0","503.686,0","462.265,0","562.122,0","549.296,0","627.500,0","490.796,0","498.851,0","442.204,0","571.014,9","576.643,0","604.584,0"
UVA,Producción,"6.473,8","5.197,0","5.757,2","4.567,6","3.254,4","3.350,0","4.973,5","5.523,4","5.146,8","5.607,7","6.539,8","5.271,7","5.934,1","7.240,5","7.064,2","6.062,5","6.595,1","5.962,6","5.951,6","5.535,3","5.867,0"
LIMONERO,Valor,"87.272,0","98.873,0","127.576,0","95.623,0","203.660,0","220.022,0","282.089,0","246.094,0","191.023,0","254.565,0","211.942,0","242.406,0","232.434,0","285.110,0","172.505,0","244.618,0","121.132,0","140.204,0","330.828,4","110.910,0","214.654,0"
Uva para mosto,Producción,"6.050,8","4.771,1","5.368,1","4.208,0","2.962,6","2.979,3","4.639,8","5.247,8","4.843,2","5.268,1","6.219,7","4.952,5","5.617,3","7.770,4","6.772,5","5.748,9","6.259,1","5.694,6","5.679,9","5.290,6","5.242,1"
POMELO,Valor,"2.819,0","3.372,0","4.195,0","3.396,0","4.123,0","7.206,0","3.955,0","5.376,0","5.025,0","4.632,0","4.889,0","5.273,0","6.594,0","4.438,0","6.758,0","6.473,0","7.602,0","8.800,0","6.934,0","7.196,0","7.431,0"
TOMATE,Producción,"3.170,3","2.665,3","2.647,7","2.805,8","3.108,8","2.841,2","3.326,4","3.360,2","3.599,9","3.874,7","3.766,3","3.971,7","3.979,7","3.947,3","4.383,2","4.810,3","3.800,6","4.081,5","4.049,8","4.798,1","4.312,7"
OTROS CÍTRICOS,Valor,..,..,..,..,..,..,..,..,..,..,..,..,..,..,..,..,..,..,..,..,..
REMOLACHA AZUCARERA,Producción,"7.361,0","6.679,0","7.234,0","9.231,0","8.360,0","7.438,0","8.236,0","8.530,0","8.866,0","8.248,0","7.930,0","6.755,0","8.197,0","6.484,0","7.175,0","7.291,0","5.827,0","4.910,0","4.170,0","4.225,4","3.535,0"
CAÑA DE AZÚCAR,Valor,"5.930,0","5.295,0","5.621,0","4.697,0","4.578,0","3.577,0","1.847,0","2.750,0","4.069,0","4.658,0","4.335,0","3.125,0","3.121,0","3.034,0","2.425,0","1.761,0","598,0","19,0","6,0",..,..
MAÍZ,Producción,"3.046,8","3.233,3","2.757,5","1.632,9","2.343,6","2.590,4","3.751,1","4.453,7","4.349,1","3.731,0","3.991,8","4.981,9","4.425,4","4.355,0","4.831,1","3.981,4","3.355,7","3.610,9","3.717,7","3.515,6","3.324,8"
REMOLACHA AZUCARERA,Valor,"330.477,0","289.820,0","320.862,0","446.609,0","411.986,0","388.919,0","405.895,0","420.384,0","444.936,0","420.366,0","400.346,0","345.861,0","422.160,0","381.253,0","436.236,0","401.010,0","254.641,0","172.340,0","154.723,4","156.763,6","126.536,0"
NARANJO, Producción,"2.590,0","2.651,4","2.926,2","2.509,5","2.697,5","2.572,9","2.200,8","2.845,0","2.443,0","2.691,0","2.616,2","2.898,4","2.963,1","3.052,2","2.767,1","2.376,2","3.397,0","2.740,3","3.410,3","2.669,4","3.114,8"
AZÚCAR,Valor,..,..,..,..,..,..,..,..,..,..,..,..,..,..,..,..,..,..,..,..,..
AZAFRÁN,Producción (kilogramos),"21.789,0","23.654,0","13.500,0","14.642,0","9.431,0","6.365,0","5.541,0","6.961,0","7.053,0","5.681,0","2.822,0","2.818,0","2.818,0","3.420,0","1.051,0","820,0","1.330,0","1.345,0","1.843,0","1.829,0","2.332,0"
ALGODÓN BRUTO,Valor,"176.903,0","217.386,0","176.113,0","87.441,0","133.731,0","113.159,0","313.991,0","250.521,0","281.966,0","276.502,0","154.842,0","57.288,0","68.879,0","97.250,0","80.549,0","24.308,0","31.801,0","41.621,0","14.896,9","17.428,4","53.297,0"
PATATAS,Producción,"5.330,7","5.182,2","5.180,5","3.821,4","3.859,7","3.913,8","3.855,7","3.253,9","3.128,8","3.368,8","3.078,1","2.992,4","3.078,1","2.665,0","2.773,6","2.563,5","2.515,0","2.479,6","2.145,2","2.719,3","2.297,6"
CÁÑAMO TÉXTIL (3),Valor,..,..,..,"133,0","76,0","370,0","252,0","456,0","1.117,0","887,0","450,0","190,0","299,0","190,0","213.120,0","164.707,0",..,..,..,..,..
MANDARINO, Producción,"1.575,5","1.340,3","1.521,4","1.631,0","1.784,8","1.686,7","1.503,8","1.997,6","1.760,1","2.033,8","1.801,9","1.758,3","2.068,1","2.060,4","2.459,8","1.956,9","2.508,0","1.987,4","2.227,9","2.000,1","2.196,9"
GIRASOL,Valor,"453.743,8","385.332,9","130.285,2","262.727,6","202.264,9","131.033,4","212.857,1","259.506,0","278.618,9","136.815,2","160.451,9","222.576,5","201.567,4","165.086,4","188.718,0","96.272,0","146.387,0","289.083,0","337.817,1","195.820,4","309.454,0"
CEBOLLA,Producción,"1.100,8","1.019,3","1.020,1","884,5","1.008,6","977,2","967,1","932,4","970,2","981,4","959,7","991,5","1.034,2","936,8","1.030,4","1.006,1","1.099,6","1.184,3","1.062,5","1.256,3","1.105,1"
SOJA,Valor,..,..,"4.085,0","245,0","1.486,0","926,0","1.849,0","1.648,0","2.132,0","1.918,0","1.423,0","1.564,0","301,0","134,0","93,0","603,0","325,0","225,0","204,2","853,6","592,0"
AVENA,Producción,"511,6","403,6","313,1","431,1","413,9","231,4","664,3","521,0","725,6","538,1","953,7","665,2","880,7","880,5","1.043,0","542,1","948,1","1.309,9","1.188,3","924,0","1.024,7"
COLZA,Valor,..,..,..,..,..,..,..,..,..,..,..,..,..,..,..,..,..,..,..,..,..
ARROZ,Producción,"569,9","581,8","552,6","317,8","407,6","329,5","734,0","775,6","796,3","817,3","827,1","876,1","818,9","861,3","900,4","824,1","724,4","723,4","634,0","913,8","927,8"
PIMIENTO PARA PIMENTÓN,Valor,"30.104,0","23.200,0","20.256,0","23.417,0","14.969,0","17.043,0","14.745,0","20.613,0","22.775,0","29.933,0","26.226,0","23.689,0","17.365,0","10.839,0","18.642,0","21.763,0","20.516,0","14.247,0","17.258,8","17.665,3","18.201,0"
MELÓN,Producción,"947,2","915,5","864,9","852,8","877,3","860,2","967,9","984,8","1.020,0","1.149,8","1.068,0","1.038,0","1.101,8","1.071,2","1.071,2","1.086,7","1.087,9","1.183,2","1.042,4","984,8","926,7"
AZAFRÁN,Valor,"13.351,0","12.543,0","6.650,0","6.817,0","4.626,0","3.585,0","3.350,0","4.202,0","4.825,0","4.880,0","2.619,0","2.807,0","3.301,0","4.150,0","1.374,0","1.076,0","1.745,0","1.899,0","3.257,2","5.000,5","7.014,0"
PIMIENTO,Producción,"900,5","731,6","755,3","733,8","742,6","790,5","867,7","893,3","890,1","939,2","946,7","979,2","1.056,8","1.056,2","1.075,5","1.060,4","1.147,8","1.057,5","918,1","929,3","873,0"
TABACO,Valor,"89.792,9","106.925,4","99.052,2","97.612,4","114.466,4","114.817,6","123.767,4","130.240,7","126.977,0","95.761,4","21.325,6","18.221,8","18.844,0","33.544,2","21.601,0","21.397,0","16.864,0","16.186,0","20.011,5","33.141,4","70.384,8"
GIRASOL,Producción,"1.312,3","1.025,5","1.343,1","1.309,2","978,6","587,5","1.177,8","1.284,3","1.190,2","643,6","919,0","870,8","771,1","762,5","820,9","381,3","662,1","733,2","872,7","869,5","846,6"
LÚPULO,Valor,"5.868,0","5.253,0","3.720,0","6.086,0","5.962,0","4.941,0","3.670,0","3.094,0","3.984,0","4.563,0","4.250,0","4.509,0","3.425,0","7.036,0","7.218,0","3.960,0","3.519,0","3.185,0","4.045,9","4.841,9","195.907,0"
LECHUGA,Producción,"985,0","1.007,1","963,4","953,5","924,3","898,5","923,6","1.034,3","1.018,5","1.045,2","1.014,6","994,2","1.037,1","956,8","1.041,6","991,9","985,9","947,6","889,2","853,0","809,4"
MANZANO,Valor,"214.604,0","201.237,0","256.690,0","199.737,0","186.445,0","212.158,0","205.571,0","217.153,0","195.207,0","260.962,0","175.877,0","215.408,0","222.204,0","311.191,0","217.284,0","196.262,0","192.254,0","272.750,0","225.184,7","156.816,0","191.488,0"
SANDÍA,Producción,"815,7","680,0","647,9","604,6","584,9","730,0","651,4","673,4","757,4","712,1","717,4","664,6","622,5","733,0","816,2","719,6","730,9","790,9","723,2","852,0","782,4"
PERAL,Valor,"186.987,0","158.797,0","155.720,0","132.779,0","167.138,0","184.315,0","188.851,0","179.961,0","276.509,0","211.352,0","217.476,0","208.300,0","264.630,0","366.682,0","288.153,0","250.357,0","237.959,0","341.373,0","289.268,5","221.128,0","223.375,9"
MELOCOTONERO,Producción,"629,3","727,9","1.023,7","856,9","870,6","661,2","869,7","962,0","907,4","982,3","1.029,8","1.082,3","1.275,8","1.270,8","987,6","1.260,9","1.245,5","846,9","833,4","796,1","757,3"
NÍSPERO,Valor,"24.485,0","21.432,0","26.186,0","25.339,0","17.351,0","30.369,0","37.774,0","36.838,0","43.431,0","39.431,0","30.764,0","33.729,0","54.892,0","51.780,0","39.596,0","18.430,0","23.270,0","41.152,0","34.546,1","40.014,0","27.581,0"
LIMONERO, Producción,"629,7","555,4","743,5","789,2","654,3","605,5","713,2","902,9","878,0","872,6","915,0","1.024,1","993,7","1.129,6","810,3","944,8","877,1","506,7","687,9","558,2","717,9"
ALBARICOQUERO,Valor,"37.069,0","57.242,0","59.531,0","45.171,0","58.513,0","62.128,0","70.960,0","57.345,0","68.715,0","60.536,0","41.443,0","42.223,0","53.481,0","105.104,0","90.386,0","76.855,0","55.360,0","53.432,0","62.518,9","48.553,0","46.290,0"
PEPINO,Producción,"301,2","318,3","313,6","323,6","326,2","330,8","375,8","447,5","438,3","403,8","416,5","547,8","517,7","573,1","546,6","474,9","634,9","558,8","670,2","563,6","665,0"
CEREZO Y GUINDO,Valor,"69.208,0","61.336,0","63.593,0","71.850,0","78.323,0","96.134,0","113.292,0","92.087,0","104.316,0","120.833,0","153.190,0","153.389,0","134.118,0","172.080,0","195.238,0","140.784,0","136.995,0","142.440,0","137.384,8","120.767,0","123.711,9"
MANZANO,Producción,"656,5","516,8","1.095,4","890,5","774,0","816,0","899,4","983,7","736,0","988,4","813,8","917,4","694,8","888,1","690,9","774,2","650,4","721,2","661,7","602,0","646,3"
MELOCOTONERO,Valor,"278.368,0","283.616,0","271.697,0","282.687,0","337.491,0","352.087,0","339.807,0","378.935,0","523.053,0","429.084,0","399.470,0","546.554,0","627.326,0","798.583,0","617.234,0","583.660,0","557.996,0","418.345,0","442.040,1","336.769,0","374.959,0"
AZÚCAR,Producción,"994,4","948,9","1.033,5","1.234,3","1.116,4","1.110,6","1.228,4","1.259,5","1.326,9","1.260,1","1.243,1","1.082,9","1.319,8","949,1","1.082,5","1.112,3","887,8","746,4","636,5","636,4","559,8"
CIRUELO,Valor,"63.371,0","75.114,0","50.906,0","52.685,0","56.555,0","65.619,0","58.454,0","54.479,0","77.923,0","65.879,0","66.042,0","63.906,0","86.996,0","142.288,0","96.466,0","92.289,0","102.898,0","104.321,1","103.472,9","106.474,0","131.357,8"
Aceituna de mesa,Producción,"216,0","257,6","232,1","204,2","190,8","177,5","189,0","286,8","258,5","387,8","331,2","485,9","357,9","498,5","455,4","375,4","395,7","438,6","396,4","489,4","515,6"
HIGUERA,Valor,"26.354,0","38.661,0","33.582,0","27.599,0","48.078,0","47.587,0","87.756,0","104.724,0","86.438,0","93.202,0","51.331,0","37.837,0","37.206,0","44.526,0","50.242,0","44.571,0","27.367,0","34.160,0","34.191,3","28.875,0","38.741,2"
PERAL,Producción,"449,4","387,3","652,8","474,7","579,0","522,8","665,3","756,9","608,4","745,2","669,1","673,5","630,7","728,3","609,5","639,8","593,9","551,8","538,7","464,0","476,6"
CHIRIMOYO,Valor,"19.993,0","23.337,0","19.062,0","30.093,0","15.876,0","26.035,0","20.457,0","19.937,0","30.566,0","27.713,0","30.119,0","27.444,0","39.318,0","24.444,0","19.374,0","24.808,0","24.256,0","38.970,0","65.027,0","48.581,0","60.575,6"
ZANAHORIA,Producción,"252,2","267,5","312,6","293,6","287,7","304,6","301,5","356,7","333,2","400,6","425,4","383,3","436,8","448,3","445,4","478,4","489,2","426,1","414,5","420,0","424,0"
GRANADO,Valor,"3.730,0","4.808,0","5.105,0","5.609,0","5.571,0","6.890,0","7.506,0","7.808,0","9.643,0","16.190,0","13.261,0","17.201,0","19.831,0","17.572,0","17.724,0","14.792,0","18.981,0","21.277,0","20.377,1","13.295,0","21.318,8"
CALABACÍN,Producción,"205,1","195,1","204,1","199,5","222,9","232,3","253,4","280,9","285,5","302,8","297,0","262,5","301,7","303,5","303,5","299,0","334,0","316,7","347,0","362,8","366,5"
AGUACATE,Valor,..,"30.816,0","30.412,0","35.385,0","30.847,0","25.916,0","31.003,0","39.776,0","44.933,0","57.325,0","61.293,0","88.373,0","77.744,0","106.770,0","70.590,0","80.191,0","91.598,0","93.473,0","89.391,1","86.893,0","99.524,2"
FRESA Y FRESÓN,Producción,"208,5","183,1","220,2","263,4","282,2","287,5","231,2","275,7","312,0","379,5","344,8","315,1","278,7","264,2","334,9","320,9","330,5","269,1","281,2","266,8","275,4"
PLATANERA,Valor,"172.013,0","155.076,0","169.796,0","109.596,0","93.019,0","106.522,0","95.404,0","116.972,0","145.134,0","142.573,0","91.170,0","99.871,0","111.911,0","120.587,0","103.987,0","169.989,0","152.411,0","160.436,0","173.883,2","165.826,0","130.319,1"
CENTENO,Producción,"267,3","236,9","222,3","333,2","206,7","173,1","295,7","211,8","213,8","217,8","220,0","101,5","176,6","176,9","162,7","129,1","165,0","261,4","283,2","180,7","258,4"
KIWI,Valor,..,"1.341,0","9.641,0","6.410,0","7.794,0","6.250,0","5.577,0","6.844,0","5.284,0","8.068,0","13.111,0","8.324,0","18.517,0","9.921,0","8.541,0","8.987,0","14.628,0","9.326,0","13.949,1","17.191,0","18.455,9"
GUISANTES SECOS,Producción,"10,7","10,9","8,4","11,6","72,6","55,4","84,1","58,4","63,2","48,3","58,2","51,6","100,2","146,3","201,2","132,5","189,8","160,2","137,6","147,9","251,6"
ALMENDRO,Valor,"100.449,0","126.013,0","127.611,0","222.302,0","171.507,0","163.602,0","258.558,0","299.273,0","184.230,0","159.695,0","155.582,0","171.003,0","191.889,0","197.142,0","116.818,0","315.910,0","303.821,0","166.526,0","156.005,2","166.824,0","161.485,1"
COL,Producción,"424,5","410,6","402,1","371,2","358,8","396,1","354,2","367,4","340,2","325,7","308,7","288,6","269,9","235,8","242,4","282,0","259,2","240,0","252,0","233,9","237,6"
AVELLANO,Valor,"15.867,0","12.724,0","15.923,0","12.968,0","31.541,0","15.180,0","6.069,0","30.965,0","25.478,0","35.923,0","31.510,0","33.301,0","21.731,0","12.117,0","39.981,0","55.868,0","47.640,0","26.974,0","33.473,2","11.073,0","21.659,0"
CIRUELO,Producción,"126,2","151,4","145,5","157,1","148,5","124,2","147,0","158,5","146,5","160,3","168,0","149,7","210,9","230,3","145,6","251,8","178,7","201,4","198,9","232,8","232,8"
NOGAL,Valor,"11.641,0","15.490,0","13.974,0","14.362,0","13.448,0","13.744,0","14.906,0","14.255,0","13.126,0","16.988,0","21.876,0","20.456,0","28.209,0","17.253,0","15.597,0","16.588,0","21.082,0","20.930,0","26.319,5","28.498,0","27.232,0"
Uva para consumo en fresco,Producción,"422,0","425,9","380,8","349,4","284,9","363,1","326,1","262,9","296,2","333,0","314,1","314,3","312,7","317,3","287,2","304,2","331,2","255,9","270,8","243,9","228,9"
COL,Valor,"82.866,1","82.200,9","69.986,8","65.991,7","69.350,8","113.411,6","73.044,2","72.801,7","77.635,1","77.771,3","84.806,9","81.311,0","97.617,4","79.808,1","61.151,0","90.805,0","77.851,0","71.751,9","75.521,4","68.429,2","59.556,3"
ALMENDRO, Producción (toneladas),"250,2","257,8","281,9","280,0","238,1","158,9","242,3","388,9","220,4","280,7","225,2","254,6","279,4","214,4","86,6","217,9","312,7","187,7","180,1","271,0","222,0"
ESPÁRRAGOS,Valor,"135.727,0","130.806,0","132.633,0","121.190,0","89.663,0","127.391,0","118.022,0","99.313,0","86.177,0","99.811,0","99.182,0","115.914,0","109.675,0","104.585,0","89.665,0","80.021,0","90.627,0","56.131,0","76.743,6","73.215,0","78.781,0"
BERENJENA,Producción,"152,5","139,7","135,7","136,7","117,8","131,1","133,6","146,6","157,2","149,2","154,9","147,9","154,4","175,6","175,5","163,8","168,0","179,8","198,8","207,3","190,2"
LECHUGA,Valor,"223.124,0","205.008,0","177.294,0","179.541,0","209.754,0","229.567,0","321.124,0","296.827,0","273.500,0","300.206,0","281.171,0","299.446,0","395.639,0","456.011,0","334.882,0","507.045,0","388.429,0","399.513,0","435.724,2","321.491,0","379.118,0"
ALCACHOFA,Producción,"427,9","359,7","363,7","334,1","283,2","250,7","278,4","274,4","264,6","289,7","290,2","277,4","289,4","306,5","300,2","200,1","228,2","226,0","203,3","194,1","166,7"
ESCAROLA,Valor,"18.537,0","22.147,0","15.804,0","16.447,0","16.782,0","16.538,0","17.644,0","16.480,0","18.267,0","21.368,0","16.980,0","25.369,0","36.545,0","36.548,0","40.443,0","43.243,0","39.977,0","35.250,0","30.534,6","28.477,0","32.371,0"
COLIFLOR,Producción,"271,6","278,4","301,8","274,7","288,3","284,9","358,4","351,3","436,8","471,9","482,9","505,5","494,7","500,9","468,3","441,8","460,0","440,3","431,9","156,9","151,6"
ESPINACAS,Valor,"19.062,0","18.583,0","16.695,0","17.437,0","17.397,0","15.169,0","16.290,0","18.006,0","22.009,0","22.274,0","27.024,0","25.238,0","29.397,0","35.770,0","31.756,0","38.534,0","39.324,0","45.311,0","41.526,1","35.291,0","35.155,0"
TRITICALE,Producción,"106,0","151,8","124,1","47,2","50,7","25,9","84,0","61,6","49,6","30,8","95,0","88,7","96,6","94,7","100,9","52,1","114,3","133,8","136,2","138,5","145,0"
ACELGA,Valor,"21.050,0","24.197,0","20.385,0","16.218,0","13.311,0","11.986,0","13.156,0","14.405,0","14.325,0","15.556,0","20.967,0","25.299,0","26.912,0","35.883,0","27.145,0","22.980,0","29.895,0","34.675,0","30.140,6","27.077,0","24.960,0"
JUDÍAS VERDES,Producción,"276,5","260,8","255,9","247,3","246,0","222,7","246,7","264,0","273,3","297,5","285,9","269,8","280,5","258,6","229,4","233,5","247,9","220,4","187,7","196,1","144,3"
SANDÍA,Valor,"167.762,0","128.695,0","76.594,0","67.587,0","135.933,0","115.168,0","115.218,0","110.691,0","140.750,0","127.538,0","127.927,0","136.375,0","119.280,0","221.600,0","143.489,0","142.485,0","157.802,0","190.776,0","268.149,2","196.466,0","314.067,0"
AJO,Producción,"213,2","251,6","227,0","206,3","210,7","173,6","212,9","204,1","169,6","178,1","162,8","175,1","194,7","170,2","165,4","136,4","145,4","151,7","133,6","154,6","136,6"
MELÓN,Valor,"227.426,8","252.389,0","240.362,6","183.951,7","273.605,9","213.835,8","213.316,6","287.415,3","253.611,5","270.129,0","281.952,0","267.689,6","259.469,0","339.249,0","318.561,0","280.808,0","337.363,0","409.844,5","438.449,8","296.322,1","343.061,7"
PLATANERA, Producción (toneladas),"416,3","373,3","368,1","348,6","338,0","376,7","335,6","406,4","438,5","364,9","397,0","421,9","408,7","402,1","418,1","345,2","348,4","358,1","371,2","352,5","130,0"
PEPINO,Valor,"102.732,0","100.223,0","98.649,0","134.157,0","97.790,0","123.645,0","155.256,0","160.027,0","153.102,0","161.703,0","164.851,0","302.870,0","210.721,0","294.062,0","194.692,0","237.474,0","266.389,0","271.362,0","297.618,9","238.896,0","322.047,0"
CHAMPIÑÓN,Producción,"74,5","29,7","67,1","67,1","70,8","75,9","71,5","77,8","60,2","61,8","62,8","109,6","126,1","120,9","128,9","127,2","126,5","123,3","118,4","125,0","121,0"
CALABACÍN,Valor,"57.615,0","53.505,0","58.892,0","58.776,0","67.411,0","77.095,0","82.621,0","94.018,0","152.989,0","134.870,0","128.156,0","145.112,0","148.648,0","166.990,0","112.675,0","147.358,0","153.426,0","137.237,0","177.885,9","155.521,0","201.171,0"
ALGODÓN BRUTO,Producción,"259,4","260,4","209,5","90,4","137,7","101,2","277,7","366,8","335,9","388,4","294,6","318,2","304,5","295,1","351,6","343,8","145,1","127,2","55,7","79,2","115,1"
BERENJENA,Valor,"46.945,0","40.369,0","44.277,0","36.528,0","43.234,0","55.155,0","55.452,0","65.914,0","63.745,0","59.452,0","68.388,0","59.647,0","73.655,0","94.646,0","90.066,0","116.843,0","90.581,0","99.480,0","128.841,4","103.303,0","114.935,0"
VEZA,Producción,"41,9","37,6","23,0","37,7","39,3","39,3","198,1","147,1","121,8","103,2","132,7","88,2","127,4","140,3","129,0","44,4","39,6","31,9","23,6","41,0","103,7"
TOMATE,Valor,"986.994,0","696.176,0","606.764,0","810.783,0","847.704,0","793.691,0","984.007,0","1.040.460,0","1.205.116,0","1.243.781,0","1.628.654,0","1.334.885,0","1.829.476,0","1.937.743,0","1.806.318,0","2.510.496,0","1.415.326,0","1.622.795,0","1.508.533,0","1.556.488,0","1.629.341,0"
CEREZO Y GUINDO,Producción,"54,9","73,1","89,2","82,3","71,6","57,0","76,0","75,9","62,3","110,2","113,5","90,1","115,2","108,0","83,5","95,7","91,7","75,7","72,5","97,6","85,1"
PIMIENTO,Valor,"431.129,0","321.421,0","297.107,0","286.003,0","433.232,0","404.102,0","451.670,0","618.974,0","540.124,0","498.315,0","724.366,0","633.511,0","638.180,0","826.251,0","928.810,0","719.562,0","793.227,0","901.441,0","778.215,5","650.429,0","731.583,0"
GUISANTES VERDES,Producción,"67,4","67,2","64,2","57,6","60,8","57,6","66,6","61,3","59,4","53,1","51,5","47,9","74,9","55,2","69,4","54,8","77,8","73,9","75,4","91,8","83,5"
FRESA Y FRESÓN,Valor,"193.631,0","168.865,0","193.671,0","223.434,0","253.206,0","237.383,0","240.682,0","262.401,0","373.100,0","307.822,0","223.890,0","261.831,0","280.034,0","230.230,0","320.257,0","371.837,0","313.300,0","294.465,0","439.353,1","337.387,0","368.287,0"
HABAS VERDES,Producción,"124,9","128,6","64,2","89,0","82,3","72,6","65,2","69,7","72,9","73,5","78,0","65,5","66,2","65,0","63,4","53,6","69,4","67,9","66,0","69,9","80,2"
ALCACHOFA,Valor,"127.918,0","129.213,0","119.305,0","141.683,0","121.249,0","109.860,0","92.981,0","95.141,0","157.438,0","175.384,0","142.252,0","94.169,0","158.166,0","176.167,0","169.412,0","125.044,0","131.796,0","133.506,0","95.815,8","99.068,0","142.879,0"
ALBARICOQUERO,Producción,"119,6","210,9","198,7","210,0","200,2","138,7","197,9","141,9","163,8","148,8","142,5","134,8","127,5","143,8","121,5","137,2","156,9","89,0","109,1","95,2","79,1"
COLIFLOR,Valor,"75.953,0","76.282,0","64.900,0","69.886,0","63.684,0","79.552,0","95.079,0","113.887,0","131.419,0","161.010,0","154.866,0","165.461,0","184.311,0","199.563,0","161.766,0","196.866,0","214.820,0","193.668,0","161.966,6","63.214,0","82.926,0"
ESCAROLA,Producción,"68,8","76,7","55,3","53,5","54,6","51,6","50,2","49,3","50,8","52,1","61,3","69,1","71,1","72,2","77,1","80,1","72,2","63,7","61,9","62,3","59,8"
AJO,Valor,"231.567,0","250.608,0","237.306,0","215.009,0","212.379,0","172.609,0","209.361,0","184.123,0","187.677,0","162.423,0","138.196,0","178.276,0","236.461,0","134.938,0","142.034,0","140.137,0","203.361,0","200.088,0","168.388,7","186.355,0","231.334,0"
ESPINACAS,Producción,"54,9","51,1","49,8","49,5","50,0","42,3","46,5","45,4","52,6","54,8","61,6","48,0","55,9","55,0","53,7","62,3","65,0","67,2","59,5","48,0","59,4"
CEBOLLA,Valor,"152.762,0","119.275,0","104.410,0","147.411,0","153.781,0","114.875,0","102.763,0","149.342,0","126.708,0","102.159,0","123.491,0","151.802,0","152.028,0","155.420,0","166.727,0","159.459,0","206.166,0","290.141,0","173.831,1","175.001,0","273.851,0"
ACELGA,Producción,"89,9","95,2","89,4","70,2","60,3","54,3","56,8","57,6","59,9","56,6","72,1","75,5","76,0","91,0","75,3","60,8","63,9","67,2","64,7","66,5","59,4"
ZANAHORIA,Valor,"36.003,0","37.221,0","33.971,0","36.473,0","41.708,0","40.549,0","47.428,0","56.531,0","62.509,0","71.501,0","73.587,0","85.938,0","89.496,0","135.581,0","101.161,0","95.064,0","136.582,0","114.230,0","120.953,1","131.354,0","146.812,0"
ESPÁRRAGOS,Producción,"104,5","102,3","96,6","101,1","86,4","73,5","74,1","66,1","54,0","60,3","61,1","65,3","65,0","60,2","54,6","48,0","56,2","35,4","44,2","46,3","50,4"
CHAMPIÑÓN,Valor,"53.984,0","20.817,0","49.812,0","48.889,0","54.056,0","62.515,0","56.170,0","65.773,0","53.448,0","57.287,0","59.979,0","107.807,0","111.293,0","107.716,0","135.601,0","149.501,0","143.536,0","141.006,0","137.424,6","114.028,0","117.999,0"
YEROS,Producción,"15,9","16,2","8,3","8,1","6,7","4,9","26,8","42,0","60,4","40,7","92,0","49,6","92,1","77,9","88,0","19,2","13,6","11,8","11,1","17,3","49,9"
JUDÍAS VERDES,Valor,"231.156,0","282.187,0","270.179,0","247.856,0","275.185,0","253.095,0","278.347,0","279.714,0","362.104,0","376.931,0","360.550,0","380.078,0","344.740,0","344.834,0","298.249,0","346.622,0","346.955,0","323.171,0","286.762,8","262.825,0","205.008,0"
POMELO, Producción,"21,3","22,8","32,4","25,1","27,5","29,4","20,3","25,3","26,0","22,6","22,9","26,5","30,8","24,7","29,8","32,7","42,5","41,1","43,6","40,0","47,0"
GUISANTES VERDES,Valor,"37.085,0","38.918,0","37.373,0","35.061,0","29.201,0","31.873,0","43.182,0","39.587,0","37.953,0","36.864,0","31.726,0","46.245,0","50.305,0","39.155,0","40.945,0","32.812,0","51.040,0","53.737,0","55.115,0","56.100,0","56.809,0"
SORGO,Producción,"88,9","104,0","48,9","22,3","77,8","27,5","43,9","48,6","57,2","35,2","41,8","33,1","28,8","21,3","24,6","22,1","20,5","26,2","22,4","32,8","36,6"
HABAS VERDES,Valor,"51.496,0","55.378,0","25.208,0","38.427,0","31.765,0","33.308,0","33.802,0","34.920,0","47.424,0","47.408,0","45.116,0","39.744,0","38.752,0","63.775,0","49.917,0","55.120,0","53.634,0","69.731,0","62.129,5","43.829,0","67.988,0"
HABAS SECAS,Producción,"39,2","35,7","32,8","17,2","16,9","10,2","11,2","13,6","10,1","11,7","13,3","17,7","45,7","57,0","64,4","40,6","47,9","38,2","27,5","27,9","36,3"
PATATAS,Valor,"752.897,0","857.751,0","478.240,0","475.648,0","835.557,0","826.342,0","481.540,0","447.644,0","560.552,0","500.098,0","512.436,0","618.234,0","502.352,0","566.313,0","615.455,0","440.403,0","673.769,0","606.506,0","484.594,1","407.894,0","595.780,0"
COLZA,Producción,"29,7","17,1","12,8","16,8","55,7","51,1","107,9","98,6","71,9","57,2","44,1","24,5","10,8","5,7","8,8","4,1","7,9","34,7","20,8","34,7","36,0"
JUDÍAS SECAS,Valor,"51.342,0","65.240,0","43.512,0","34.243,0","40.121,0","46.176,0","41.980,0","30.724,0","28.515,0","37.612,0","26.674,0","19.930,0","19.154,0","20.755,0","19.525,0","21.658,0","23.037,0","22.697,0","21.912,6","27.516,0","21.751,0"
TABACO,Producción,"43,2","49,1","45,1","44,8","44,0","42,9","44,4","46,1","43,7","40,4","42,9","40,7","41,5","40,2","40,6","40,3","32,6","29,2","31,1","34,8","33,4"
HABAS SECAS,Valor,"8.684,1","7.567,6","6.359,5","3.473,4","3.371,1","2.142,5","2.523,6","3.815,5","2.576,8","2.792,3","3.088,7","4.238,3","9.763,6","11.422,8","13.707,0","14.263,0","9.984,0","9.512,0","8.432,1","9.059,2","6.730,9"
HIGUERA,Producción,"57,0","59,8","61,3","54,5","59,6","51,9","61,7","62,9","60,3","63,6","56,0","43,2","41,1","43,5","41,3","35,3","26,4","25,9","30,8","29,1","29,1"
LENTEJAS,Valor,"11.332,0","12.299,0","5.788,0","9.855,0","7.367,0","3.548,0","13.487,0","8.066,0","6.605,0","4.328,0","10.212,0","8.584,0","9.732,0","10.044,0","11.488,0","4.412,0","6.844,0","8.821,0","7.246,8","7.234,0","16.307,0"
LENTEJAS,Producción,"26,4","20,3","10,6","19,3","17,0","5,9","27,2","16,9","15,9","9,2","22,0","19,1","22,8","20,7","27,4","6,9","12,0","14,5","12,5","11,9","22,7"
GARBANZOS,Valor,"35.221,0","25.908,0","23.082,0","22.055,0","39.918,0","28.946,0","75.851,0","49.144,0","36.601,0","21.561,0","42.955,0","46.544,0","49.320,0","33.159,0","32.843,0","12.899,0","11.090,0","18.993,0","13.484,5","14.465,7","16.307,0"
GARBANZOS,Producción,"52,1","39,0","30,1","28,1","54,9","31,0","91,5","75,1","58,5","26,9","55,5","56,9","70,5","51,1","59,4","18,7","19,8","30,0","20,5","21,6","22,7"
GUISANTES SECOS,Valor,"2.696,0","2.654,0","1.908,0","2.414,0","14.582,0","11.687,0","16.594,0","12.046,0","12.056,0","9.301,0","10.815,0","11.918,0","20.307,0","26.539,0","31.972,0","27.164,0","29.384,0","35.294,0","30.306,0","27.725,6","51.045,0"
JUDÍAS SECAS,Producción,"52,8","46,5","36,1","30,1","33,0","32,4","29,4","23,2","20,8","19,7","18,8","15,4","13,1","14,8","15,9","14,8","14,0","11,1","11,0","13,2","12,2"
VEZA,Valor,"10.171,0","10.657,0","5.925,0","9.580,0","8.066,0","10.627,0","41.457,0","31.270,0","25.921,0","23.272,0","26.303,0","16.944,0","23.435,0","25.658,0","22.460,0","12.657,0","7.267,0","7.738,0","6.819,1","10.457,8","24.873,0"
OTROS CÍTRICOS, Producción,"0,2","1,2","1,4","4,6","5,9","7,0","4,8","9,3","6,9","7,3","10,7","9,4","18,2","10,9","11,2","13,2","21,0","12,9","4,8","17,3","9,0"
YEROS,Valor,"2.973,0","3.012,0","1.461,0","1.275,0","1.252,0","1.023,0","4.726,0","7.058,0","9.083,0","5.587,0","11.943,0","7.943,0","13.322,0","10.431,0","11.846,0","4.019,0","1.953,0","2.126,0","2.839,5","3.689,4","8.924,0"
NARANJO AMARGO, Producción,"14,4","13,7","14,9","13,2","14,8","14,4","12,7","17,0","12,4","11,7","15,8","22,0","22,7","18,1","19,8","18,5","17,1","15,0","9,3","6,5","6,8"
ALTRAMUZ,Valor,..,..,..,"300,0","2.378,0","2.365,0","4.643,0","2.886,0","2.467,0","2.414,0","2.348,0","1.485,0","2.106,0","1.596,0","1.979,0","1.241,0","1.432,0","1.364,0","954,2","1.101,0","845,0"
PIMIENTO PARA PIMENTÓN,Producción,"18,7","12,3","10,2","10,8","7,8","6,9","5,9","8,3","11,2","12,1","9,6","9,3","7,0","6,9","7,9","7,1","5,7","4,9","5,0","5,3","4,9"
ALTRAMUZ,Producción,"1,7","1,9","1,1","1,4","10,0","8,8","17,4","10,7","10,7","9,0","12,5","7,9","11,8","9,5","10,2","5,8","7,1","5,6","3,9","4,5","3,7"
SOJA,Producción,"42,2","11,8","32,9","1,5","7,6","4,7","10,1","8,3","11,4","9,8","6,7","6,6","1,6","0,6","0,4","2,8","1,5","0,9","0,7","2,8","1,8"
LÚPULO,Producción,"2,1","1,9","1,3","2,1","2,1","1,7","1,4","1,2","1,4","1,6","1,4","1,4","1,2","1,3","1,3","1,3","1,1","0,9","0,8","1,0","1,1"
Uva para pasas,Producción,..,..,"8,3","10,2","6,9","7,6","7,7","12,7","7,4","6,5","6,0","5,0","4,6","6,7","4,5","1,3","4,8","1,3","0,9","0,8","0,3"
CAÑA DE AZÚCAR,Producción,"171,0","165,0","167,0","151,0","139,0","101,0","51,0","75,0","111,0","124,0","106,0","86,0","79,0","83,0","67,0","43,0","16,0","0,5","0,2",..,"0,2"
CÁÑAMO TÉXTIL (3),Producción,"0,8","0,6","7,2","4,0","1,8","8,2","5,6","9,9","22,5","17,2","7,0","3,1","4,3","2,2","2,9","1,8","0,0","0,0","0,0","0,0","0,0"
